case_id,case_no,url
1683687,2017‘•0311√Ò≥ı3696∫≈,http://tingshen.court.gov.cn/live/1683687
1683832,£®2017£©’„0203√Ò≥ı11082∫≈,http://tingshen.court.gov.cn/live/1683832
1684283,£®2017£©«≠03√Ò÷’7511∫≈,http://tingshen.court.gov.cn/live/1684283
1684068,£®2017£©‘∆01√Ò≥ı729°¢730°¢731∫≈,http://tingshen.court.gov.cn/live/1684068
1684176,2017∫⁄0112√Ò≥ı3375∫≈,http://tingshen.court.gov.cn/live/1684176
1679182,£®2017£©ΩÚ02–Ã≥ı99∫≈,http://tingshen.court.gov.cn/live/1679182
1683638,£®2017£©∏ 1126√Ò≥ı2431∫≈,http://tingshen.court.gov.cn/live/1683638
1683219,£®2017£©’„1021√Ò≥ı6874∫≈,http://tingshen.court.gov.cn/live/1683219
1682043,£®2017£©À’0111√Ò≥ı7094∫≈,http://tingshen.court.gov.cn/live/1682043
1683883,£®2017£©º™0112√Ò≥ı2099∫≈,http://tingshen.court.gov.cn/live/1683883
1684181,£®2017£©À’0281–Ã≥ı2220∫≈,http://tingshen.court.gov.cn/live/1684181
1684000,£®2017£©À’1003–Ã≥ı674∫≈,http://tingshen.court.gov.cn/live/1684000
1683836,£®2017£©∏ 1021–Ã≥ı288∫≈,http://tingshen.court.gov.cn/live/1683836
1676086,£®2017£©π0681√Ò≥ı1728∫≈,http://tingshen.court.gov.cn/live/1676086
1683802,£®2017£©º™0723√Ò≥ı3172∫≈,http://tingshen.court.gov.cn/live/1683802
1675642,£®2017£©√ˆ0581–Ã≥ı1642∫≈,http://tingshen.court.gov.cn/live/1675642
1684124,£®2017£©À’0923√Ò≥ı3508∫≈,http://tingshen.court.gov.cn/live/1684124
1671109,£®2017£©º™2401–Ã≥ı722∫≈,http://tingshen.court.gov.cn/live/1671109
1681481,£®2017£©’„0726–Ã≥ı687∫≈,http://tingshen.court.gov.cn/live/1681481
1671256,£®2017£©‘•0104√Ò≥ı7813∫≈,http://tingshen.court.gov.cn/live/1671256
1682969,£®2017£©À’1324√Ò≥ı5991∫≈,http://tingshen.court.gov.cn/live/1682969
1683435,£®2017£©À’0922–Ã≥ı415∫≈,http://tingshen.court.gov.cn/live/1683435
1684032,2017«‡0221√Ò≥ı563∫≈,http://tingshen.court.gov.cn/live/1684032
1683692,£®2017£©º™0202√Ò≥ı2737∫≈,http://tingshen.court.gov.cn/live/1683692
1683514,£®2017£©À’1182√Ò≥ı2364∫≈,http://tingshen.court.gov.cn/live/1683514
1684102,£®2017£©¡…0103–Ã≥ı760∫≈,http://tingshen.court.gov.cn/live/1684102
1683128,£®2017£©‘¡0103–Ã≥ı1439∫≈,http://tingshen.court.gov.cn/live/1683128
1684324,2017‘•17√Ò÷’4992∫≈,http://tingshen.court.gov.cn/live/1684324
1681156,£®2017£©Ω˙0882√Ò≥ı2442∫≈,http://tingshen.court.gov.cn/live/1681156
1683856,17-4994∫≈,http://tingshen.court.gov.cn/live/1683856
1683831,£®2017£©‘∆0924√Ò≥ı378∫≈,http://tingshen.court.gov.cn/live/1683831
1681286,£®2017£©Ω˙0402√Ò≥ı2770∫≈,http://tingshen.court.gov.cn/live/1681286
1683890,£®2017£©‘•1728√Ò≥ı3371∫≈,http://tingshen.court.gov.cn/live/1683890
1683037,£®2017£©À’0981√Ò≥ı5842∫≈,http://tingshen.court.gov.cn/live/1683037
1682967,£®2017£©«≠2730√Ò≥ı725∫≈,http://tingshen.court.gov.cn/live/1682967
1679713,£®2017£©º™01√Ò≥ı1756∫≈,http://tingshen.court.gov.cn/live/1679713
1683005,£®2017£©Ω˙1181–Ã≥ı373∫≈,http://tingshen.court.gov.cn/live/1683005
1683255,£®2017£©∏ 1022–Ã≥ı314∫≈,http://tingshen.court.gov.cn/live/1683255
1684567,£®2017£©À’0723√Ò≥ı7530∫≈,http://tingshen.court.gov.cn/live/1684567
1683673,£®2017£©À’1204√Ò≥ı5315∫≈,http://tingshen.court.gov.cn/live/1683673
1678658,£®2017£©‘•1423√Ò≥ı2610∫≈,http://tingshen.court.gov.cn/live/1678658
1684247,£®2017£©À’0982√Ò≥ı5947∫≈,http://tingshen.court.gov.cn/live/1684247
1684242,£®2017£©À’0311√Ò≥ı6191∫≈,http://tingshen.court.gov.cn/live/1684242
1681817,£®2017£©ÕÓ0102–Ã≥ı955∫≈,http://tingshen.court.gov.cn/live/1681817
1683849,£®2017£©À’0682√Ò≥ı11747∫≈,http://tingshen.court.gov.cn/live/1683849
1669200,£®2017£©‘•01√Ò÷’18251∫≈,http://tingshen.court.gov.cn/live/1669200
1684136,£®2017£©À’1204√Ò≥ı7119∫≈,http://tingshen.court.gov.cn/live/1684136
1681880,£®2017£©∏ 1221–Ã≥ı132∫≈,http://tingshen.court.gov.cn/live/1681880
1682160,£®2017£©À’1191√Ò≥ı3020∫≈,http://tingshen.court.gov.cn/live/1682160
1683738,£®2017£©‘∆0112√Ò≥ı9255∫≈,http://tingshen.court.gov.cn/live/1683738
1683801,£®2017£©ÕÓ0604√Ò≥ı1636∫≈,http://tingshen.court.gov.cn/live/1683801
1683970,£®2017£©À’1084√Ò≥ı5454∫≈,http://tingshen.court.gov.cn/live/1683970
1683786,£®2017£©‘∆0112√Ò≥ı9256∫≈,http://tingshen.court.gov.cn/live/1683786
1683058,£®2017£©º™0302–Ã≥ı174∫≈,http://tingshen.court.gov.cn/live/1683058
1683895,£®2017£©º™0122√Ò≥ı5331∫≈°¢£®2017£©º™0122√Ò≥ı5323∫≈°¢£®2017£©º™0122√Ò≥ı5320∫≈,http://tingshen.court.gov.cn/live/1683895
1667811,£®2017£©ÕÓ0122–Ã≥ı430∫≈,http://tingshen.court.gov.cn/live/1667811
1655020,£®2017£©‘•0411√Ò≥ı4876∫≈,http://tingshen.court.gov.cn/live/1655020
1683894,£®2017£©¡…0522√Ò≥ı3014∫≈,http://tingshen.court.gov.cn/live/1683894
1684103,£®2017£©‘•13√Ò÷’6286∫≈,http://tingshen.court.gov.cn/live/1684103
1683803,£®2017£©ÕÓ0181√Ò≥ı3853∫≈,http://tingshen.court.gov.cn/live/1683803
1682586,£®2017£©Ω˙1029–Ã≥ı73∫≈,http://tingshen.court.gov.cn/live/1682586
1683595,2017«‡01√Ò÷’1531°¢1535°¢1536∫≈,http://tingshen.court.gov.cn/live/1683595
1683468,£®2017£©‘¡0203–Ã≥ı245∫≈,http://tingshen.court.gov.cn/live/1683468
1683923,£®2017£©À’0481√Ò≥ı6854∫≈,http://tingshen.court.gov.cn/live/1683923
1683702,£®2017£©‘∆0112√Ò≥ı4404∫≈,http://tingshen.court.gov.cn/live/1683702
1683982,£®2017£©«≠2731√Ò≥ı1512∫≈,http://tingshen.court.gov.cn/live/1683982
1678740,£®2017£©Ω˙0322√Ò≥ı1207∫≈,http://tingshen.court.gov.cn/live/1678740
1674839,£®2017£©‘¡0304√Ò≥ı32027∫≈,http://tingshen.court.gov.cn/live/1674839
1682345,£®2017£©’„1124√Ò≥ı3224∫≈,http://tingshen.court.gov.cn/live/1682345
1672081,£®2017£©‘¡0115√Ò≥ı4083∫≈,http://tingshen.court.gov.cn/live/1672081
1684361,À’1003√Ò≥ı10424∫≈,http://tingshen.court.gov.cn/live/1684361
1683855,£®2017£©À’0621√Ò≥ı6968∫≈,http://tingshen.court.gov.cn/live/1683855
1683556,£®2017£©À’0282√Ò≥ı11261∫≈,http://tingshen.court.gov.cn/live/1683556
1683707,£®2017£©√ˆ0128–Ã≥ı267∫≈,http://tingshen.court.gov.cn/live/1683707
1684002,£®2017£©À’0211√Ò≥ı4307∫≈,http://tingshen.court.gov.cn/live/1684002
1683505,£®2017£©Ω˙11√Ò÷’2185∫≈,http://tingshen.court.gov.cn/live/1683505
1684071,£®2017£©À’0281√Ò≥ı12293∫≈,http://tingshen.court.gov.cn/live/1684071
1683830,2017Ω˙0203√Ò≥ı1288∫≈,http://tingshen.court.gov.cn/live/1683830
1683699,£®2017£©’„1123–Ã≥ı139∫≈,http://tingshen.court.gov.cn/live/1683699
1671915,£®2017£©‘¡0115√Ò≥ı5361∫≈,http://tingshen.court.gov.cn/live/1671915
1675447,£®2017£©Ω˙02√Ò÷’2431∫≈,http://tingshen.court.gov.cn/live/1675447
1683663,£®2017£©«‡0102√Ò≥ı3934∫≈,http://tingshen.court.gov.cn/live/1683663
1678086,£®2017£©À’0106√Ò≥ı11865∫≈,http://tingshen.court.gov.cn/live/1678086
1684135,£®2017£©‘•17√Ò÷’4911∫≈,http://tingshen.court.gov.cn/live/1684135
1683428,£®2017£©À’1204√Ò≥ı7061∫≈,http://tingshen.court.gov.cn/live/1683428
1682872,£®2017£©Ω˙1130√Ò≥ı◊÷µ⁄455∫≈,http://tingshen.court.gov.cn/live/1682872
1682501,£®2017£©’„0703–Ã≥ı404∫≈,http://tingshen.court.gov.cn/live/1682501
1683959,£®2017£©À’0213√Ò≥ı10137∫≈,http://tingshen.court.gov.cn/live/1683959
1683867,£®2017£©√ˆ0526√Ò≥ı3110∫≈,http://tingshen.court.gov.cn/live/1683867
1683336,£®2017£©«‡2802–Ã≥ı91∫≈,http://tingshen.court.gov.cn/live/1683336
1676643,£®2017£©ÕÓ0405–Ã≥ı103∫≈,http://tingshen.court.gov.cn/live/1676643
1683926,£®2017£©À’1003√Ò≥ı1494∫≈,http://tingshen.court.gov.cn/live/1683926
1683882,£®2017£©‘∆0328√Ò≥ı1967∫≈,http://tingshen.court.gov.cn/live/1683882
1646113,£®2017£©∏”√Ò÷’548∫≈,http://tingshen.court.gov.cn/live/1646113
1683540,£®2017£©«‡0103√Ò≥ı3285∫≈,http://tingshen.court.gov.cn/live/1683540
1681925,£®2017£©‘¡√Ò‘Ÿ386-387∫≈,http://tingshen.court.gov.cn/live/1681925
1683075,£®2017£©À’09√Ò÷’4986∫≈,http://tingshen.court.gov.cn/live/1683075
1683843,2017π0205√Ò≥ı4955-4956∫≈,http://tingshen.court.gov.cn/live/1683843
1679747,£®2017£©À’08√Ò÷’2907∫≈,http://tingshen.court.gov.cn/live/1679747
1683900,£®2017£©º™0722√Ò≥ı2189∫≈,http://tingshen.court.gov.cn/live/1683900
1597202,£®2017£©’„0784√Ò≥ı9531∫≈,http://tingshen.court.gov.cn/live/1597202
1683421,£®2017£©’„0225√Ò≥ı6596∫≈,http://tingshen.court.gov.cn/live/1683421
1683759,2017À’1081√Ò≥ı5330∫≈,http://tingshen.court.gov.cn/live/1683759
1684021,£®2017£©‘•0323√Ò≥ı3196∫≈,http://tingshen.court.gov.cn/live/1684021
1684100,£®2017£©À’0903√Ò≥ı7292∫≈,http://tingshen.court.gov.cn/live/1684100
1684109,£®2017£©’„1021–Ã≥ı803∫≈,http://tingshen.court.gov.cn/live/1684109
1661368,£®2017£©’„0282–Ã≥ı1827∫≈,http://tingshen.court.gov.cn/live/1661368
1675641,£®2017£©√ˆ0581–Ã≥ı1637∫≈,http://tingshen.court.gov.cn/live/1675641
1683716,£®2017£©«‡0105–Ã≥ı326∫≈,http://tingshen.court.gov.cn/live/1683716
1683503,£®2017£©‘¡0513–Ã≥ı852∫≈,http://tingshen.court.gov.cn/live/1683503
1683758,£®2017£©À’0281√Ò≥ı15534∫≈,http://tingshen.court.gov.cn/live/1683758
1652299,£®2017£©À’0281–Ã≥ı2433∫≈,http://tingshen.court.gov.cn/live/1652299
1683865,£®2017£©À’0381√Ò≥ı6560∫≈,http://tingshen.court.gov.cn/live/1683865
1683670,£®2017£©Ω˙0429√Ò≥ı444∫≈,http://tingshen.court.gov.cn/live/1683670
1683404,£®2017£©‘•1725√Ò≥ı3613∫≈,http://tingshen.court.gov.cn/live/1683404
1629235,£®2017£©‘•0104√Ò≥ı5835∫≈,http://tingshen.court.gov.cn/live/1629235
1682804,£®2017£©‘•1282√Ò≥ı3367∫≈,http://tingshen.court.gov.cn/live/1682804
1683201,£®2017£©º™0103√Ò≥ı3530∫≈,http://tingshen.court.gov.cn/live/1683201
1683522,2017À’1012√Ò≥ı2949∫≈,http://tingshen.court.gov.cn/live/1683522
1681035,£®2017£©À’0117√Ò≥ı6122∫≈,http://tingshen.court.gov.cn/live/1681035
1682692,£®2017£©«‡2523√Ò≥ı874∫≈,http://tingshen.court.gov.cn/live/1682692
1683732,£®2017£©À’1182–Ã≥ı347∫≈,http://tingshen.court.gov.cn/live/1683732
1683498,£®2017£©À’1282√Ò≥ı7320∫≈,http://tingshen.court.gov.cn/live/1683498
1677374,£®2017£©’„0282–Ã≥ı1819∫≈,http://tingshen.court.gov.cn/live/1677374
1683287,£®2017£©º™0103√Ò≥ı3489∫≈,http://tingshen.court.gov.cn/live/1683287
1684196,£®2017£©’„0726√Ò≥ı7968∫≈,http://tingshen.court.gov.cn/live/1684196
1683516,£®2017£©ÕÓ1124√Ò≥ı2267∫≈,http://tingshen.court.gov.cn/live/1683516
1679399,£®2017£©’„0784√Ò≥ı9819∫≈,http://tingshen.court.gov.cn/live/1679399
1683719,£®2017£©∏ 2927√Ò≥ı963∫≈,http://tingshen.court.gov.cn/live/1683719
1683490,£®2017£©∏ 05√Ò÷’725∫≈,http://tingshen.court.gov.cn/live/1683490
1682584,£®2017£©‘•0305√Ò≥ı5114∫≈,http://tingshen.court.gov.cn/live/1682584
1683944,£®2017£©‘•17––÷’268∫≈,http://tingshen.court.gov.cn/live/1683944
1683781,£®2017£©∏ 1202√Ò≥ı2392∫≈,http://tingshen.court.gov.cn/live/1683781
1683375,£®2017£©π0205√Ò≥ı4836∫≈,http://tingshen.court.gov.cn/live/1683375
1683399,2017∏ 01√Ò÷’3321°¢3327∫≈,http://tingshen.court.gov.cn/live/1683399
1683778,£®2017£©À’1311√Ò≥ı6581∫≈,http://tingshen.court.gov.cn/live/1683778
1683186,2017‘•0581√Ò≥ı5976∫≈,http://tingshen.court.gov.cn/live/1683186
1683974,£®2017£©«≠2727√Ò≥ı1346∫≈,http://tingshen.court.gov.cn/live/1683974
1683564,2017π0303––≥ı9∫≈,http://tingshen.court.gov.cn/live/1683564
1683750,£®2017£©∫⁄0225√Ò≥ı4096∫≈,http://tingshen.court.gov.cn/live/1683750
1685161,£®2017£©’„0106√Ò≥ı10803∫≈,http://tingshen.court.gov.cn/live/1685161
1683592,£®2017£©«‡2801√Ò≥ı1819∫≈,http://tingshen.court.gov.cn/live/1683592
1683589,£®2017£©ÕÓ0506–Ã≥ı176∫≈,http://tingshen.court.gov.cn/live/1683589
1656753,£®2017£©∏”√Ò÷’507∫≈,http://tingshen.court.gov.cn/live/1656753
1646662,£®2017£©∏ 7101––≥ı601∫≈,http://tingshen.court.gov.cn/live/1646662
1683437,£®2017£©«‡0225√Ò≥ı182∫≈,http://tingshen.court.gov.cn/live/1683437
1668043,2017‘•0183√Ò≥ı5416∫≈,http://tingshen.court.gov.cn/live/1668043
1683808,2017À’1084√Ò≥ı6626∫≈,http://tingshen.court.gov.cn/live/1683808
1683427,£®2017£©π0312√Ò≥ı2409∫≈,http://tingshen.court.gov.cn/live/1683427
1683775,£®2017£©¥®0922√Ò≥ı2894∫≈,http://tingshen.court.gov.cn/live/1683775
1683579,2017‘•0825––≥ı30∫≈,http://tingshen.court.gov.cn/live/1683579
1681882,£®2017£©‘•1625––≥ı4517∫≈,http://tingshen.court.gov.cn/live/1681882
1683755,£®2017£©º™0183√Ò≥ı4501∫≈,http://tingshen.court.gov.cn/live/1683755
1683674,£®2017£©Ω˙1102–Ã≥ı317∫≈,http://tingshen.court.gov.cn/live/1683674
1683029,£®2017£©Ω˙0223√Ò≥ı443∫≈,http://tingshen.court.gov.cn/live/1683029
1683709,£®2017£©Ω˙0110––≥ı147∫≈,http://tingshen.court.gov.cn/live/1683709
1683561,£®2017£©’„1082√Ò≥ı12320∫≈,http://tingshen.court.gov.cn/live/1683561
1683693,2017À’1181–Ã≥ı815∫≈,http://tingshen.court.gov.cn/live/1683693
1683530,£®2017£©À’1202–Ã≥ı476∫≈,http://tingshen.court.gov.cn/live/1683530
1683416,£®2017£©À’1182√Ò≥ı2586∫≈,http://tingshen.court.gov.cn/live/1683416
1683529,£®2017£©ÕÓ1623√Ò≥ı4644∫≈,http://tingshen.court.gov.cn/live/1683529
1683418,£®2017£©À’1182√Ò≥ı3911∫≈,http://tingshen.court.gov.cn/live/1683418
1683681,2017‘•1323√Ò≥ı3653∫≈,http://tingshen.court.gov.cn/live/1683681
1685706,£®2017£©∏”0111–Ã≥ı484∫≈,http://tingshen.court.gov.cn/live/1685706
1668144,2017‘•1081√Ò≥ı6549∫≈,http://tingshen.court.gov.cn/live/1668144
1683475,2017‘∆0325–Ã≥ı296∫≈,http://tingshen.court.gov.cn/live/1683475
1681708,£®2017£©ÕÓ0124√Ò≥ı4643∫≈,http://tingshen.court.gov.cn/live/1681708
1682600,£®2017£©º™0191–Ã≥ı208∫≈,http://tingshen.court.gov.cn/live/1682600
1682832,£®2017£©º™0723√Ò≥ı3164∫≈,http://tingshen.court.gov.cn/live/1682832
1677235,2017√ˆ0203√Ò≥ı10978∫≈,http://tingshen.court.gov.cn/live/1677235
1683228,£®2017£©À’1281√Ò≥ı6597∫≈,http://tingshen.court.gov.cn/live/1683228
1662258,£®2017£©ª¶0113√Ò≥ı16054∫≈,http://tingshen.court.gov.cn/live/1662258
1683059,£®2017£©‘•0825√Ò≥ı5162∫≈,http://tingshen.court.gov.cn/live/1683059
1675639,£®2017£©√ˆ0581–Ã≥ı1639∫≈,http://tingshen.court.gov.cn/live/1675639
1682811,2017º™0702––≥ı105∫≈,http://tingshen.court.gov.cn/live/1682811
1680500,£®2017£©∫⁄0422√Ò≥ı215∫≈,http://tingshen.court.gov.cn/live/1680500
1667796,£®2017£©ÕÓ0122–Ã≥ı431∫≈,http://tingshen.court.gov.cn/live/1667796
1682614,£®2017£©‘¡0184–Ã≥ı903∫≈,http://tingshen.court.gov.cn/live/1682614
1683016,£®2017£©º™0182√Ò≥ı7156∫≈,http://tingshen.court.gov.cn/live/1683016
1682560,£®2017£©√ˆ0182√Ò≥ı3240∫≈,http://tingshen.court.gov.cn/live/1682560
1613326,2017À’0681√Ò≥ı8570∫≈,http://tingshen.court.gov.cn/live/1613326
1626513,£®2017£©Ω˙1125√Ò≥ı964∫≈,http://tingshen.court.gov.cn/live/1626513
1682839,£®2017£©π0923√Ò≥ı1460∫≈,http://tingshen.court.gov.cn/live/1682839
1683096,2017À’0724√Ò≥ı5754∫≈,http://tingshen.court.gov.cn/live/1683096
1683749,£®2017£©À’0282√Ò≥ı11927∫≈,http://tingshen.court.gov.cn/live/1683749
1682980,2017º™07√Ò÷’1938∫≈,http://tingshen.court.gov.cn/live/1682980
1682727,£®2017£©’„1003–Ã≥ı798∫≈,http://tingshen.court.gov.cn/live/1682727
1682721,£®2017£©π0221√Ò≥ı2418∫≈,http://tingshen.court.gov.cn/live/1682721
1682576,£®2017£©ÕÓ0202√Ò≥ı4924∫≈,http://tingshen.court.gov.cn/live/1682576
1593850,£®2017£©º™01––≥ı200∫≈,http://tingshen.court.gov.cn/live/1593850
1683429,£®2017£©À’1281√Ò≥ı8281∫≈,http://tingshen.court.gov.cn/live/1683429
1682344,£®2017£©’„1124√Ò≥ı2949∫≈,http://tingshen.court.gov.cn/live/1682344
1661367,£®2017£©’„0282–Ã≥ı1846∫≈,http://tingshen.court.gov.cn/live/1661367
1682956,£®2017£©ÕÓ16√Ò÷’2562∫≈,http://tingshen.court.gov.cn/live/1682956
1683221,£®2017£©’„1181√Ò≥ı2093∫≈,http://tingshen.court.gov.cn/live/1683221
1683220,£®2017£©ÕÓ1602√Ò≥ı6473∫≈,http://tingshen.court.gov.cn/live/1683220
1682461,£®2017£©’„1024√Ò≥ı6097∫≈,http://tingshen.court.gov.cn/live/1682461
1678693,£®2017£©ÕÓ0705√Ò≥ı5097∫≈,http://tingshen.court.gov.cn/live/1678693
1683565,£®2017£©’„0127√Ò≥ı4116∫≈,http://tingshen.court.gov.cn/live/1683565
1673076,£®2017£©’„1127√Ò≥ı1708∫≈,http://tingshen.court.gov.cn/live/1673076
